{
  "page": {
    "width": 8.5,
    "height": 11.0,
    "margin": 0.5,
    "background_color": [
      0.9098039215686274,
      0.9607843137254902,
      0.9137254901960784
    ],
    "box_color": [
      1.0,
      1.0,
      1.0
    ],
    "border_color": [
      0.4,
      0.7333333333333333,
      0.41568627450980394
    ],
    "border_width": 2,
    "border_radius": 20
  },
  "title": {
    "font_size": 28,
    "color": [
      0.1803921568627451,
      0.49019607843137253,
      0.19607843137254902
    ],
    "position_from_top": 1.1,
    "bold_effect": true,
    "bold_offset": 0.5
  },
  "word_box": {
    "position_from_top": 1.8,
    "height": 8.2,
    "margin_left": 0.3,
    "margin_right": 0.3,
    "background_color": [
      0.9450980392156862,
      0.9725490196078431,
      0.9137254901960784
    ],
    "border_color": [
      0.4,
      0.7333333333333333,
      0.41568627450980394
    ],
    "border_width": 2,
    "border_radius": 12,
    "columns": 4,
    "rows_per_column": 10,
    "base_font_size": 13,
    "min_font_size": 8,
    "sort_by_length": true,
    "vertical_align": "center"
  },
  "puzzle_grid": {
    "position_from_top": 2.0,
    "grid_line_color": [
      0.6470588235294118,
      0.8392156862745098,
      0.6549019607843137
    ],
    "grid_line_width": 1,
    "letter_font_size_factor": 0.55,
    "letter_color": [
      0.10588235294117647,
      0.3686274509803922,
      0.12549019607843137
    ],
    "letter_vertical_offset": 0.2
  },
  "solution": {
    "highlight_color": [
      0.5058823529411764,
      0.7803921568627451,
      0.5176470588235295
    ],
    "thickness_factor": 0.7,
    "end_padding_factor": 0.45,
    "show_solutions": true
  },
  "page_number": {
    "show": true,
    "position_from_bottom": 0.2,
    "box_width": 1.2,
    "box_height": 0.35,
    "box_color": [
      0.2627450980392157,
      0.6274509803921569,
      0.2784313725490196
    ],
    "text_color": [
      1.0,
      1.0,
      1.0
    ],
    "font_size": 18,
    "rounded_top_only": true,
    "border_radius": 10
  },
  "images": {
    "show": true,
    "pages": "word_bank_only",
    "alternate": true,
    "max_height": 1.1,
    "position_x_offset": 0.95,
    "position_y_offset": 0.2,
    "preserve_aspect_ratio": true,
    "left_image": "left.png",
    "right_image": "right.png"
  },
  "puzzle_generation": {
    "count": 1,
    "grid_size": 25,
    "seed": 42,
    "min_words_per_puzzle": 8,
    "max_word_length": 25
  },
  "general": {
    "font_path": "fonts/TT Lakes Neue Trial Regular.ttf",
    "output_file": "winter_word_search.pdf",
    "puzzle_data": "puzzle_bank_custom.json"
  }
}